{
  "id": "2171860",
  "name": "课程练习pro",
  "font_family": "iconfont",
  "css_prefix_text": "icon-",
  "description": "",
  "glyphs": [
    {
      "icon_id": "11487985",
      "name": "atm",
      "font_class": "atm",
      "unicode": "e744",
      "unicode_decimal": 59204
    },
    {
      "icon_id": "11488106",
      "name": "reduce",
      "font_class": "reduce",
      "unicode": "e75e",
      "unicode_decimal": 59230
    },
    {
      "icon_id": "11488225",
      "name": "add-fill",
      "font_class": "add-fill",
      "unicode": "e777",
      "unicode_decimal": 59255
    },
    {
      "icon_id": "4933449",
      "name": "主页",
      "font_class": "zhuye",
      "unicode": "e76f",
      "unicode_decimal": 59247
    },
    {
      "icon_id": "577344",
      "name": "客服-fill",
      "font_class": "kefufill",
      "unicode": "e740",
      "unicode_decimal": 59200
    },
    {
      "icon_id": "577365",
      "name": "搜索",
      "font_class": "sousuo",
      "unicode": "e752",
      "unicode_decimal": 59218
    },
    {
      "icon_id": "577381",
      "name": "喜欢-fill",
      "font_class": "xihuanfill",
      "unicode": "e760",
      "unicode_decimal": 59232
    },
    {
      "icon_id": "577389",
      "name": "坐标-fill",
      "font_class": "zuobiaofill",
      "unicode": "e768",
      "unicode_decimal": 59240
    },
    {
      "icon_id": "577395",
      "name": "向上2",
      "font_class": "xiangshang2",
      "unicode": "e76e",
      "unicode_decimal": 59246
    },
    {
      "icon_id": "577399",
      "name": "向下2",
      "font_class": "xiangxia2",
      "unicode": "e772",
      "unicode_decimal": 59250
    },
    {
      "icon_id": "577402",
      "name": "向右1",
      "font_class": "xiangyou1",
      "unicode": "e775",
      "unicode_decimal": 59253
    },
    {
      "icon_id": "577406",
      "name": "向左1",
      "font_class": "xiangzuo1",
      "unicode": "e779",
      "unicode_decimal": 59257
    },
    {
      "icon_id": "579598",
      "name": "红包",
      "font_class": "hongbao",
      "unicode": "e784",
      "unicode_decimal": 59268
    },
    {
      "icon_id": "579920",
      "name": "Android更多",
      "font_class": "androidgengduo",
      "unicode": "e78d",
      "unicode_decimal": 59277
    },
    {
      "icon_id": "1250137",
      "name": "我的",
      "font_class": "wode",
      "unicode": "e702",
      "unicode_decimal": 59138
    },
    {
      "icon_id": "6400264",
      "name": "订单",
      "font_class": "weibiaoti--",
      "unicode": "e614",
      "unicode_decimal": 58900
    },
    {
      "icon_id": "13625008",
      "name": "饿了吗",
      "font_class": "elema",
      "unicode": "e606",
      "unicode_decimal": 58886
    }
  ]
}
